"tweet_id","in_reply_to_status_id","in_reply_to_user_id","timestamp","source","text","retweeted_status_id","retweeted_status_user_id","retweeted_status_timestamp","expanded_urls"
"378102292941402112","","","2013-09-12 10:26:26 +0000","<a href=""http://www.hootsuite.com"" rel=""nofollow"">HootSuite</a>","'Greece in terrible state,' Oxfam warns http://t.co/LgiZ505zm7","","","","http://ow.ly/oNLmK"
"377094595324444673","","","2013-09-09 15:42:12 +0000","<a href=""http://www.hootsuite.com"" rel=""nofollow"">HootSuite</a>","Greek Suicides Jump 43% During Crisis http://t.co/UW0AO7Xclx","","","","http://ow.ly/oHuKS"
"377025048546402304","","","2013-09-09 11:05:51 +0000","<a href=""http://www.hootsuite.com"" rel=""nofollow"">HootSuite</a>","Can China lead Greece out of darkness? http://t.co/SsdPMCS4UL","","","","http://ow.ly/oGN8E"
"376043429928919040","","","2013-09-06 18:05:14 +0000","<a href=""http://www.hootsuite.com"" rel=""nofollow"">HootSuite</a>","Costas Karamanlis’s deafening silence http://t.co/58qFW5zw50","","","","http://ow.ly/oDyQF"
"375660651240509440","","","2013-09-05 16:44:13 +0000","<a href=""http://www.hootsuite.com"" rel=""nofollow"">HootSuite</a>","'We Are Next': Greek Jews Fear Rise Of Far-Right Party http://t.co/VQio7MKuTd","","","","http://ow.ly/oB5fo"
"374565007385964544","","","2013-09-02 16:10:31 +0000","<a href=""http://www.hootsuite.com"" rel=""nofollow"">HootSuite</a>","The Psychologist on austerity psychology, with a Greek perspective from @mariakasmirli and me http://t.co/schL7iemmD","","","","http://ow.ly/ou8nF"
"369590314279129088","","","2013-08-19 22:42:52 +0000","<a href=""http://www.hootsuite.com"" rel=""nofollow"">HootSuite</a>","9 top Greek islands - http://t.co/USVWcPe05b http://t.co/XKCssyrcRP","","","","http://CNN.com,http://ow.ly/o4F90"
"369190641634254848","","","2013-08-18 20:14:42 +0000","<a href=""http://www.hootsuite.com"" rel=""nofollow"">HootSuite</a>","Two Greek Universities In Top 500  http://t.co/KFYp69h4xY","","","","http://ow.ly/o2h3i"
"366941439667617793","","","2013-08-12 15:17:11 +0000","<a href=""http://www.hootsuite.com"" rel=""nofollow"">HootSuite</a>","Greek Economy Loses 122B Euros. http://t.co/U0kS6e7Ctx","","","","http://ow.ly/nQKox"
"365457157140910081","","","2013-08-08 12:59:10 +0000","<a href=""http://www.hootsuite.com"" rel=""nofollow"">HootSuite</a>","Greek unemployment hit new record in May of 27.6 pct  http://t.co/eIGTGg6jy6","","","","http://ow.ly/nK8KR"
"363661859427463168","","","2013-08-03 14:05:18 +0000","<a href=""http://www.hootsuite.com"" rel=""nofollow"">HootSuite</a>","Nikos Konstandaras on The bear necessity of sanctuaries http://t.co/Jnu3qxAvgb #Greece","","","","http://ow.ly/nBbo1"
"361997452972265476","","","2013-07-29 23:51:33 +0000","<a href=""http://www.hootsuite.com"" rel=""nofollow"">HootSuite</a>","Crete Dances Pentozali on Aug. 7  http://t.co/0Dj7SV8AJi","","","","http://ow.ly/nrlVH"
"361841128783347713","","","2013-07-29 13:30:22 +0000","<a href=""http://www.hootsuite.com"" rel=""nofollow"">HootSuite</a>","Crete: See for yourself. http://t.co/8H5osqCOsk","","","","http://ow.ly/npVu0"
"361589872508669954","","","2013-07-28 20:51:58 +0000","<a href=""http://www.hootsuite.com"" rel=""nofollow"">HootSuite</a>","Schaueble Denies Hiding Greek Bailout Costs http://t.co/XeVPcnqIyw","","","","http://ow.ly/noLHm"
"361095575900405762","","","2013-07-27 12:07:48 +0000","<a href=""http://www.hootsuite.com"" rel=""nofollow"">HootSuite</a>","Crete is No.16 on Travel + Leisure's list of the world's best islands. http://t.co/D4TAoHqEBh","","","","http://ow.ly/nniTI"
"355814613926952963","","","2013-07-12 22:23:09 +0000","<a href=""http://www.hootsuite.com"" rel=""nofollow"">HootSuite</a>","Foreign Ministry makes report on WWII claims a priority http://t.co/eQ2oum3a2L","","","","http://ow.ly/mV4fd"
"355065180222267392","","","2013-07-10 20:45:10 +0000","<a href=""http://www.hootsuite.com"" rel=""nofollow"">HootSuite</a>","Greek Scientific Publications Gain Notice  http://t.co/fl5RzX3sAG","","","","http://ow.ly/mQoCs"
"354614742800801792","","","2013-07-09 14:55:17 +0000","<a href=""http://www.hootsuite.com"" rel=""nofollow"">HootSuite</a>","Fascism in Greece: we needn't say goodbye to Athens quite yet  http://t.co/vw3oUZh9Zt","","","","http://ow.ly/mNdM1"
"353997992639987712","","","2013-07-07 22:04:33 +0000","<a href=""http://www.hootsuite.com"" rel=""nofollow"">HootSuite</a>","How eccentric smoked out secret of ancient Crete puzzler http://t.co/dLCLBJYOa6","","","","http://ow.ly/mJwIF"
"353562224150855681","","","2013-07-06 17:12:57 +0000","<a href=""http://www.hootsuite.com"" rel=""nofollow"">HootSuite</a>","“The Sound of Crete” http://t.co/lvArfBcaM2","","","","http://ow.ly/mInK2"
"353269296899694593","","","2013-07-05 21:48:58 +0000","<a href=""http://www.hootsuite.com"" rel=""nofollow"">HootSuite</a>","The big shift right in #Greece. Important piece. http://t.co/IFYweCkMKq","","","","http://ow.ly/mHBBQ"
"352574221429387265","","","2013-07-03 23:46:59 +0000","<a href=""http://www.hootsuite.com"" rel=""nofollow"">HootSuite</a>","RT @livingingreece: Greece: 'Living conditions were inhumane' @MSF_ireland http://t.co/SYpxT8ZKBl","","","","http://www.msf.ie/news/greece-living-conditions-were-inhumane"
"351774145735950337","","","2013-07-01 18:47:46 +0000","<a href=""http://www.hootsuite.com"" rel=""nofollow"">HootSuite</a>","Young, qualified and jobless: plight of Europe's best-educated generation http://t.co/YIdhblIjpA","","","","http://ow.ly/myABG"
"351651478705942532","","","2013-07-01 10:40:20 +0000","<a href=""http://www.hootsuite.com"" rel=""nofollow"">HootSuite</a>","RT @livingingreece: Supporting families in Greece at a time of crisis @sos_children http://t.co/UGCLU9nIoE","","","","http://www.soschildrensvillages.org.uk/about-our-charity/news/greece-supporting-families-at-a-time-of-crisis"
"351068591656931328","","","2013-06-29 20:04:09 +0000","<a href=""http://www.hootsuite.com"" rel=""nofollow"">HootSuite</a>","Nikos Xydakis on the commericalization of the new home of the Vikelaia Municipal Library in #Heraklion #Crete http://t.co/nQFvYT2jF3","","","","http://ow.ly/mvBzf"
"349912270916157440","","","2013-06-26 15:29:21 +0000","<a href=""http://www.hootsuite.com"" rel=""nofollow"">HootSuite</a>","Greece: the sequel (this time with even more tourists) http://t.co/tk65wsxSyk","","","","http://ow.ly/mpk3S"
"349618682533654528","","","2013-06-25 20:02:44 +0000","<a href=""http://www.hootsuite.com"" rel=""nofollow"">HootSuite</a>","Austerity Lentils: What a country cooks when it's collapsing -- by Joanna Kakissis (@joannakakissis) http://t.co/n1XEEXuMd5","","","","http://ow.ly/mnBgq"
"349200300965519360","","","2013-06-24 16:20:14 +0000","<a href=""http://www.hootsuite.com"" rel=""nofollow"">HootSuite</a>","Greece on Tenterhooks http://t.co/nTOJwanz7w","","","","http://ow.ly/mkIDK"
"348765416090382336","","","2013-06-23 11:32:09 +0000","<a href=""http://www.hootsuite.com"" rel=""nofollow"">HootSuite</a>","Middle-class parents in #Greece are putting their children in orphanages so they won't starve (Mail bt worth reading) http://t.co/scgMnfTHyv","","","","http://ow.ly/miAQL"
"348116217690722304","","","2013-06-21 16:32:28 +0000","<a href=""http://www.hootsuite.com"" rel=""nofollow"">HootSuite</a>","Nikos Konstandaras in @ekathimerini on the defeat of politics http://t.co/a83CWc27rl","","","","http://ow.ly/mgsBs"
"347633977487667200","","","2013-06-20 08:36:13 +0000","<a href=""http://www.hootsuite.com"" rel=""nofollow"">HootSuite</a>","The Greeks who worship the ancient gods http://t.co/PCqsnoDwIv","","","","http://ow.ly/md9KW"
"345528309318287360","","","2013-06-14 13:09:03 +0000","<a href=""http://www.hootsuite.com"" rel=""nofollow"">HootSuite</a>","Excellent piece by @nickmalkoutzis on the #ERT debacle. http://t.co/ys2OFDIVdR Essential reading.","","","","http://ow.ly/m23cO"
"344825168683745280","","","2013-06-12 14:35:01 +0000","<a href=""http://www.hootsuite.com"" rel=""nofollow"">HootSuite</a>","Another perspective on #ERT: Why the restart makes sense http://t.co/F8Cuw84QH0","","","","http://ow.ly/lXzlG"
"344592475282886656","","","2013-06-11 23:10:22 +0000","<a href=""http://www.hootsuite.com"" rel=""nofollow"">HootSuite</a>","A balanced, clear-headed assessment of the ERT closure by the invaluable @nickmalkoutzis  http://t.co/u2dDXQ4mgL","","","","http://ow.ly/lWisA"
"344564275681054720","","","2013-06-11 21:18:19 +0000","<a href=""http://www.hootsuite.com"" rel=""nofollow"">HootSuite</a>","Goverment to close down the BBC! Oh, wait, it's only #Greece's ERT. http://t.co/naPb2IEOUz","","","","http://ow.ly/lW7JI"
"344535087595024384","","","2013-06-11 19:22:20 +0000","<a href=""http://www.hootsuite.com"" rel=""nofollow"">HootSuite</a>","Greece shuts down public service broadcaster to save money http://t.co/d5tVqeGY4T #Greece","","","","http://ow.ly/lVT8J"
"344317487099310080","","","2013-06-11 04:57:40 +0000","<a href=""http://www.hootsuite.com"" rel=""nofollow"">HootSuite</a>","Heavy cuts in Greek public service broadcasting. http://t.co/ulo8mC2zBl","","","","http://ow.ly/lUdls"
"344117773183631361","","","2013-06-10 15:44:05 +0000","<a href=""http://www.hootsuite.com"" rel=""nofollow"">HootSuite</a>","Filotimo, the essential, untranslatable Greek word. http://t.co/G5adlN75ts","","","","http://ow.ly/lSO0A"
"343602524705677312","","","2013-06-09 05:36:40 +0000","<a href=""http://www.hootsuite.com"" rel=""nofollow"">HootSuite</a>","Are things improving in #Greece? Judge for yourself. Data &amp; images. http://t.co/e84xMc1u4E via @greeceincrisis7","","","","http://bit.ly/ZBOdbZ"
"343122976113324032","","","2013-06-07 21:51:07 +0000","<a href=""http://www.hootsuite.com"" rel=""nofollow"">HootSuite</a>","New portal promotes Greek products. http://t.co/P9jDYV0Ju4","","","","http://ow.ly/lPeZZ"
"343122808899006464","","","2013-06-07 21:50:27 +0000","<a href=""http://www.hootsuite.com"" rel=""nofollow"">HootSuite</a>","Interesting Reddit AskHistorians discussions of the factors that led Athens to survive from antiquity to present day http://t.co/G033R2Khdk","","","","http://ow.ly/lPeWi"
"342674622396915712","","","2013-06-06 16:09:31 +0000","<a href=""http://www.hootsuite.com"" rel=""nofollow"">HootSuite</a>","Alice Kober: Unsung heroine who helped decode Linear B http://t.co/fsdcKFDmUr","","","","http://ow.ly/lM95i"
"342408157508796417","","","2013-06-05 22:30:41 +0000","<a href=""http://www.hootsuite.com"" rel=""nofollow"">HootSuite</a>","IMF admits: we failed to realise the damage austerity would do to Greece  http://t.co/H8kyOd6kb0","","","","http://ow.ly/lKEoR"
"340509506943451136","","","2013-05-31 16:46:07 +0000","<a href=""http://www.hootsuite.com"" rel=""nofollow"">HootSuite</a>","Europe's Record Youth Unemployment: The Scariest Graph in the World Just Got Scarier  http://t.co/20sJq0pHRK","","","","http://ow.ly/lAtMW"
"340119292509028352","","","2013-05-30 14:55:33 +0000","<a href=""http://www.hootsuite.com"" rel=""nofollow"">HootSuite</a>","Common questions ancient Greeks asked oracles. http://t.co/ooOCgw8gH1","","","","http://ow.ly/lxQyD"
"339831944579805185","","","2013-05-29 19:53:44 +0000","<a href=""http://www.hootsuite.com"" rel=""nofollow"">HootSuite</a>","OECD predicts seventh year of recession for #Greece http://t.co/OLjR4iYHOx","","","","http://ow.ly/lwd9M"
"338301000416911360","","","2013-05-25 14:30:18 +0000","<a href=""http://www.hootsuite.com"" rel=""nofollow"">HootSuite</a>","The attendants - @MyrtoPhoto explores realities of prostitution &amp; trafficking in crisis-hit Greece http://t.co/REKy0xeNuU","","","","http://ow.ly/lolU1"
"336904809405882369","","","2013-05-21 18:02:20 +0000","<a href=""http://www.hootsuite.com"" rel=""nofollow"">HootSuite</a>","Dramatic Rise in Suicides in #Greece  http://t.co/8vJALPNlNG","","","","http://ow.ly/lfOHg"
"334698313465094144","","","2013-05-15 15:54:30 +0000","<a href=""http://www.hootsuite.com"" rel=""nofollow"">HootSuite</a>","Minoan civilization was made in Europe. http://t.co/mg5UVEW7Ya","","","","http://ow.ly/l3FOq"
"333979827243728896","","","2013-05-13 16:19:30 +0000","<a href=""http://www.hootsuite.com"" rel=""nofollow"">HootSuite</a>","Cretean philoxenia. http://t.co/ZgZBLpcwZd","","","","http://ow.ly/kYQgz"
"333605779363995648","","","2013-05-12 15:33:10 +0000","<a href=""http://www.hootsuite.com"" rel=""nofollow"">HootSuite</a>","Teacher Tom says ‘Let the kids play’ as he joins Athens school http://t.co/cLbEPHCPvW","","","","http://ow.ly/kWR9e"
"332574243495755776","","","2013-05-09 19:14:13 +0000","<a href=""http://www.hootsuite.com"" rel=""nofollow"">HootSuite</a>","Youth unemployment 64+ pct, overall jobless rate 27 pct http://t.co/O37YvMlYyK #Greece","","","","http://ow.ly/kSsSS"
"331182322181341186","","","2013-05-05 23:03:13 +0000","<a href=""http://www.hootsuite.com"" rel=""nofollow"">HootSuite</a>","The Greek Bailout Balance Sheet (2010-2012). Interesting figures from @grdefaultwatch. http://t.co/7VeuB8RkkQ","","","","http://ow.ly/kJeV2"
"331080759492370435","","","2013-05-05 16:19:38 +0000","<a href=""http://www.hootsuite.com"" rel=""nofollow"">HootSuite</a>","Virtual tsougrisma (egg clinking). Kalo Pascha everyone! http://t.co/Mu21IGvrxI","","","","http://ow.ly/kITHQ"
"330759535067287553","","","2013-05-04 19:03:13 +0000","<a href=""http://www.hootsuite.com"" rel=""nofollow"">HootSuite</a>","'Worst is over' claims Greece ahead of IMF health check. http://t.co/apezxbk6oi","","","","http://ow.ly/kI6ar"
"330282267807211520","","","2013-05-03 11:26:43 +0000","<a href=""http://www.hootsuite.com"" rel=""nofollow"">HootSuite</a>","Greece still awaits first crematorium. http://t.co/CKbVoNBluS","","","","http://ow.ly/kFF4B"
"329988145892454400","","","2013-05-02 15:57:59 +0000","<a href=""http://www.hootsuite.com"" rel=""nofollow"">HootSuite</a>","Oldest facebook user passes away. http://t.co/V4iRAieQGF","","","","http://ow.ly/kE0fw"
"329987280976625667","","","2013-05-02 15:54:33 +0000","<a href=""http://www.hootsuite.com"" rel=""nofollow"">HootSuite</a>","How Greece was Supposed to Turn Out by @grdefaultwatch. Salutary. http://t.co/FQlKsnhA5w","","","","http://ow.ly/kDZzF"
"329942154606682112","","","2013-05-02 12:55:14 +0000","<a href=""http://www.hootsuite.com"" rel=""nofollow"">HootSuite</a>","Athens mayor attacked after authorities stop Golden Dawn handout [update] http://t.co/6sfbbG5oHh","","","","http://ow.ly/kDvbQ"
"327815671884963841","","","2013-04-26 16:05:21 +0000","<a href=""http://www.hootsuite.com"" rel=""nofollow"">HootSuite</a>","60,000 more small businesses to close in #Greece this year http://t.co/tfsqJI1ydE","","","","http://ow.ly/ksxSp"
"327808860863750145","","","2013-04-26 15:38:17 +0000","<a href=""http://www.hootsuite.com"" rel=""nofollow"">HootSuite</a>","Greece is right to expose German loans hypocrisy  http://t.co/Z2XOO8ro06","","","","http://ow.ly/kstdP"
"327541052959502336","","","2013-04-25 21:54:07 +0000","<a href=""http://www.hootsuite.com"" rel=""nofollow"">HootSuite</a>","Initiative 12 Hours for Greece in Brussels http://t.co/aEMJsnD73y","","","","http://ow.ly/kqYbC"
"327442425457041408","","","2013-04-25 15:22:12 +0000","<a href=""http://www.hootsuite.com"" rel=""nofollow"">HootSuite</a>","Go spelunking in #Greece  http://t.co/53WZRsPxBs","","","","http://ow.ly/kq4VG"
"327159622660145152","","","2013-04-24 20:38:27 +0000","<a href=""http://www.hootsuite.com"" rel=""nofollow"">HootSuite</a>","Childhood Contagious Diseases Spread in #Greece http://t.co/jelHUuSW3t","","","","http://ow.ly/koob1"
"326177446351212545","","","2013-04-22 03:35:37 +0000","<a href=""http://www.hootsuite.com"" rel=""nofollow"">HootSuite</a>","The Gloom Around Greece Is Dissipating http://t.co/otswVnziun","","","","http://ow.ly/khpA5"
"326088874403192832","","","2013-04-21 21:43:40 +0000","<a href=""http://www.hootsuite.com"" rel=""nofollow"">HootSuite</a>","Meet the 'unflinching' Greek Presidential Guard - the Evzones. http://t.co/JSKSNVX8Y7","","","","http://ow.ly/kh6T8"
"325716740103368704","","","2013-04-20 21:04:57 +0000","<a href=""http://www.hootsuite.com"" rel=""nofollow"">HootSuite</a>","From Lamia to NASA. Greek universities can still produce world-class researchers. http://t.co/3oth1cEa5V","","","","http://ow.ly/kg2bX"
"325670949787672576","","","2013-04-20 18:02:59 +0000","<a href=""http://www.hootsuite.com"" rel=""nofollow"">HootSuite</a>","Philhellenes may like to follow @helpsalamis of the Salamis Foundation - see http://t.co/JqiH2ffAl4 &amp; http://t.co/goMuFqbIe4","","","","http://ow.ly/kfTMI,http://ow.ly/kfTMJ"
"325598295659524097","","","2013-04-20 13:14:17 +0000","<a href=""http://www.hootsuite.com"" rel=""nofollow"">HootSuite</a>","Greek dance company Ki omos kineitai http://t.co/YncOdopiEk","","","","http://ow.ly/kfDl3"
"325339889191247874","","","2013-04-19 20:07:28 +0000","<a href=""http://www.hootsuite.com"" rel=""nofollow"">HootSuite</a>","Greek austerity is killing people  http://t.co/Uwtewl26Bn","","","","http://ow.ly/keQf1"
"323461110940454912","","","2013-04-14 15:41:53 +0000","<a href=""http://www.hootsuite.com"" rel=""nofollow"">HootSuite</a>","RT @stephenfry: View of the acropolis from where it all began -Pnyx, birthplace of democracy and all that mother jazz http://t.co/chIW1wjmzj","","","","http://twitter.com/stephenfry/status/323460188508155904/photo/1"
"323432421380980736","","","2013-04-14 13:47:52 +0000","<a href=""http://www.hootsuite.com"" rel=""nofollow"">HootSuite</a>","Brave new continent. Alexis Papachelas sketches the big picture. http://t.co/nxREous0iR #Europe #Greece","","","","http://ow.ly/k2Y1B"
"321736516487491584","","","2013-04-09 21:28:57 +0000","<a href=""http://www.hootsuite.com"" rel=""nofollow"">HootSuite</a>","“Gypsies are delinquent in their DNA”. Roma-Golden Dawn Conflict At Kalamata Hospital  http://t.co/QAbpEULCa5","","","","http://ow.ly/jUqiO"
"321001834183528449","","","2013-04-07 20:49:35 +0000","<a href=""http://www.hootsuite.com"" rel=""nofollow"">HootSuite</a>","Cretan herb Stamnagathi gets world seal  http://t.co/LDLQ8hDsaG","","","","http://ow.ly/jPzkd"
"321001386915553280","","","2013-04-07 20:47:49 +0000","<a href=""http://www.hootsuite.com"" rel=""nofollow"">HootSuite</a>","Greek PM intervenes in 'difficult' talks with creditors  http://t.co/x5PwSxmKca","","","","http://ow.ly/jPzdR"
"320498663174598656","","","2013-04-06 11:30:10 +0000","<a href=""http://www.hootsuite.com"" rel=""nofollow"">HootSuite</a>","The spare Greek diet of WWII http://t.co/0gq1iGP25I","","","","http://ow.ly/jNTKR"
"320269377868005376","","","2013-04-05 20:19:04 +0000","<a href=""http://www.hootsuite.com"" rel=""nofollow"">HootSuite</a>","Cretan village stays way ahead of the recent nonsmoking trend http://t.co/Ib49PwoCRI","","","","http://ow.ly/jNcMY"
"319917168248623105","","","2013-04-04 20:59:31 +0000","<a href=""http://www.hootsuite.com"" rel=""nofollow"">HootSuite</a>","Greek wonderkids do it again http://t.co/tN0YDU1x0x","","","","http://ow.ly/jL1Rt"
"319887868703150080","","","2013-04-04 19:03:05 +0000","<a href=""http://www.hootsuite.com"" rel=""nofollow"">HootSuite</a>","An April Fools economy by @nickmalkoutzis http://t.co/VNPsegLbZq","","","","http://ow.ly/jKLVY"
"319486479699156993","","","2013-04-03 16:28:07 +0000","<a href=""http://www.hootsuite.com"" rel=""nofollow"">HootSuite</a>","Greek business leader sees Cyprus crisis worsening Greek recession http://t.co/5prP1NUIFY","","","","http://ow.ly/jI3qt"
"319178987144351744","","","2013-04-02 20:06:15 +0000","<a href=""http://www.hootsuite.com"" rel=""nofollow"">HootSuite</a>","Recommended: @yanisvaroufakis on The Good, the Bad and the Extremely Ugly (aspects of the Cyprus deal) |  http://t.co/gXfGqrVpsz","","","","http://ow.ly/jGd4m"
"319112783629283330","","","2013-04-02 15:43:11 +0000","<a href=""http://www.hootsuite.com"" rel=""nofollow"">HootSuite</a>","The  ""Byzantine Pompeii"" at the heart of modern day Thessaloniki http://t.co/W3H4bHBuBu","","","","http://ow.ly/jFyQ0"
"319077810431995904","","","2013-04-02 13:24:12 +0000","<a href=""http://www.hootsuite.com"" rel=""nofollow"">HootSuite</a>","The Village of Christians and Muslims  http://t.co/fS3FxLmPCc","","","","http://ow.ly/jF8Er"
"319034049765195776","","","2013-04-02 10:30:19 +0000","<a href=""http://www.hootsuite.com"" rel=""nofollow"">HootSuite</a>","Greek jobless rate unsustainable, says IOBE chief http://t.co/oWd4mqYsy2","","","","http://ow.ly/jEPJY"
"318729066029146112","","","2013-04-01 14:18:25 +0000","<a href=""http://www.hootsuite.com"" rel=""nofollow"">HootSuite</a>","Estia’s Historic Athens Bookshop Closed http://t.co/pNzEiLGLlH","","","","http://ow.ly/jCTDQ"
"318140238725791744","","","2013-03-30 23:18:38 +0000","<a href=""http://www.hootsuite.com"" rel=""nofollow"">HootSuite</a>","I can't relax in Greece http://t.co/Z9XfwQgnPb","","","","http://ow.ly/jB9VN"
"318038315670577152","","","2013-03-30 16:33:37 +0000","<a href=""http://www.hootsuite.com"" rel=""nofollow"">HootSuite</a>","Greek Church Feeding The Poor, Students  http://t.co/5oOrtEhrFA","","","","http://ow.ly/jAQ18"
"317762171532619777","","","2013-03-29 22:16:20 +0000","<a href=""http://www.hootsuite.com"" rel=""nofollow"">HootSuite</a>","Greek schoolchildren teach generosity http://t.co/nwOeQQrcmt","","","","http://ow.ly/jA9wy"
"317629487615447040","","","2013-03-29 13:29:05 +0000","<a href=""http://www.hootsuite.com"" rel=""nofollow"">HootSuite</a>","http://t.co/eUSuKzrwOD | ECB's Knot backs Dijsselbloem on bank rescues http://t.co/gdIe7gkkbU","","","","http://ekathimerini.com,http://ow.ly/jzkum"
"317279015671046144","","","2013-03-28 14:16:26 +0000","<a href=""http://www.hootsuite.com"" rel=""nofollow"">HootSuite</a>","Eurozone crisis: three-and-a-half years of pain - interactive timeline http://t.co/YxK0oBRpRN","","","","http://ow.ly/juYVe"
"316601070417760256","","","2013-03-26 17:22:32 +0000","<a href=""http://www.hootsuite.com"" rel=""nofollow"">HootSuite</a>","#Cyprus @nickmalkoutzis gives an admirably even-handed summary of how the eurozone reached its omnishambles moment http://t.co/SzEpJ6yUo3","","","","http://ow.ly/jr3EI"
"316347297871065088","","","2013-03-26 00:34:07 +0000","<a href=""http://www.hootsuite.com"" rel=""nofollow"">HootSuite</a>","An important message for #Greece from Alexis Papachelas: Difficult crossroads http://t.co/tRAB6HtrKB","","","","http://ow.ly/jpw0c"
"316316870791815169","","","2013-03-25 22:33:13 +0000","<a href=""http://www.hootsuite.com"" rel=""nofollow"">HootSuite</a>","Have The Russians Already Quietly Withdrawn All Their Cash From #Cyprus? http://t.co/RkLl7fXs42","","","","http://ow.ly/jpnJq"
"316302204107620356","","","2013-03-25 21:34:56 +0000","<a href=""http://www.hootsuite.com"" rel=""nofollow"">HootSuite</a>","#Cyprus: It will get much worse before it gets better http://t.co/t0pcKqfDe5","","","","http://ow.ly/jpi0U"
"316178032438157313","","","2013-03-25 13:21:31 +0000","<a href=""http://www.hootsuite.com"" rel=""nofollow"">HootSuite</a>","Few winners in #Cyprus deal http://t.co/V4G8TaHYsc","","","","http://ow.ly/jo0mj"
"315868366000766976","","","2013-03-24 16:51:01 +0000","<a href=""http://www.hootsuite.com"" rel=""nofollow"">HootSuite</a>","#Cyprus: The Operation Was a Success. Shame the Patient Died. http://t.co/DUKUAYNwDH","","","","http://ow.ly/jmIKe"
"315774726834360321","","","2013-03-24 10:38:56 +0000","<a href=""http://www.hootsuite.com"" rel=""nofollow"">HootSuite</a>","#Cyprus crisis: 'This is the darkest week in our history since the 1974 invasion'  http://t.co/6o3e6bAKqY","","","","http://ow.ly/jmpGr"
"314433966696460289","","","2013-03-20 17:51:14 +0000","<a href=""http://www.hootsuite.com"" rel=""nofollow"">HootSuite</a>","Why we should be cautious about cheering on Cyprus's no vote | Nikos Chrysoloras  http://t.co/w2dHNSlWZc","","","","http://ow.ly/jfVXf"
"313345022646972417","","","2013-03-17 17:44:09 +0000","<a href=""http://www.hootsuite.com"" rel=""nofollow"">HootSuite</a>","Life ban from national teams on Katidis for Nazi salute http://t.co/3vwqzPQujE","","","","http://ow.ly/j6av0"
"313030837690060800","","","2013-03-16 20:55:42 +0000","<a href=""http://www.hootsuite.com"" rel=""nofollow"">HootSuite</a>","If you have goodwill for #Greece, please support this initiative for democracy in the country. Pls RT http://t.co/Z3murwGwKW","","","","http://ow.ly/j3v4q"
"312980429240168448","","","2013-03-16 17:35:23 +0000","<a href=""http://www.hootsuite.com"" rel=""nofollow"">HootSuite</a>","Come to Greece This Year and Support the Ailing Economy! http://t.co/ZRQI1YHNp2","","","","http://ow.ly/j3384"
"312342796004651008","","","2013-03-14 23:21:40 +0000","<a href=""http://www.hootsuite.com"" rel=""nofollow"">HootSuite</a>","Greece and Spain helped postwar Germany recover. Spot the difference (by Nick Dearden) http://t.co/8yqw32ySba","","","","http://ow.ly/iXeoe"
"310918119772274688","","","2013-03-11 01:00:30 +0000","<a href=""http://www.hootsuite.com"" rel=""nofollow"">HootSuite</a>","Geneticists date publication of The Iliad (""Languages behave just extraordinarily like genes"") http://t.co/XZZcX2uguV","","","","http://ow.ly/iHS88"
"310781313055617024","","","2013-03-10 15:56:53 +0000","<a href=""http://www.hootsuite.com"" rel=""nofollow"">HootSuite</a>","Athena: A plan that does no justice to its name http://t.co/VNmPihz5r1 #Greece","","","","http://ow.ly/iGr4B"
"307182364457578496","","","2013-02-28 17:35:57 +0000","<a href=""http://www.hootsuite.com"" rel=""nofollow"">HootSuite</a>","Wake up Karagiozis! Cartoon from @ekathimerini http://t.co/egxeUS0z7V","","","","http://ow.ly/i8IrM"
"307181528780255232","","","2013-02-28 17:32:38 +0000","<a href=""http://www.hootsuite.com"" rel=""nofollow"">HootSuite</a>","Greek retailers slump for fourth year in 2012. Sales down a further 12%. http://t.co/k5OL7qTJ0w","","","","http://ow.ly/i8I8y"
"304606430563012608","","","2013-02-21 15:00:07 +0000","<a href=""http://www.hootsuite.com"" rel=""nofollow"">HootSuite</a>","Banners and batons. Another essential piece on #Greece by @NickMalkoutzis http://t.co/BrqvGfVSqv","","","","http://ow.ly/hV4xC"
"302083970525454336","","","2013-02-14 15:56:45 +0000","<a href=""http://www.hootsuite.com"" rel=""nofollow"">HootSuite</a>","The average Greek earns $58 a day. A gallon of gas cost 15% of this. http://t.co/PJtZiPHT #Greece","","","","http://ow.ly/hIslx"
"302018884557500416","","","2013-02-14 11:38:07 +0000","<a href=""http://www.hootsuite.com"" rel=""nofollow"">HootSuite</a>","Children of Europe's debtor countries pushed into poverty. http://t.co/k4Zoabzv","","","","http://ow.ly/hHWJ8"
"302018520881979392","","","2013-02-14 11:36:41 +0000","<a href=""http://www.hootsuite.com"" rel=""nofollow"">HootSuite</a>","More gloom for #Greece: unemployment at 27%, GDP down by 6.4% in 2012. So it goes. http://t.co/mdsBTZsd","","","","http://ow.ly/hHWBK"
"301679357691297792","","","2013-02-13 13:08:58 +0000","<a href=""http://www.hootsuite.com"" rel=""nofollow"">HootSuite</a>","Two of every three Greek firms losing money http://t.co/Bd2Vepll #Greece","","","","http://ow.ly/hFW3o"
"299876669643186178","","","2013-02-08 13:45:44 +0000","<a href=""http://www.hootsuite.com"" rel=""nofollow"">HootSuite</a>","RT @joannakakissis: Excellent photojournalism by @losmibica (the great Milos Bicanski) Crisis in Greece via @GlobalPost http://t.co/jHWvHdpo","","","","http://www.globalpost.com/dispatch/news/regions/europe/130208/crisis-greece"
"298177806494466048","","","2013-02-03 21:15:03 +0000","<a href=""http://www.hootsuite.com"" rel=""nofollow"">HootSuite</a>","Greek bookstore on world best list  http://t.co/RvXQd8tQ","","","","http://ow.ly/hnyMq"
"296675417073532928","","","2013-01-30 17:45:06 +0000","<a href=""http://www.hootsuite.com"" rel=""nofollow"">HootSuite</a>","Resistance Fighter Aerakis Passes Away  http://t.co/HMGRt0xs","","","","http://ow.ly/hgH8J"
"295940302575902721","","","2013-01-28 17:04:01 +0000","<a href=""http://www.hootsuite.com"" rel=""nofollow"">HootSuite</a>","Germany seeks austerity advice from Greece  http://t.co/yeXbmIMy","","","","http://ow.ly/hcbNX"
"293346323816648704","","","2013-01-21 13:16:28 +0000","<a href=""http://www.hootsuite.com"" rel=""nofollow"">HootSuite</a>","The 25 Best Hotels in Greece – TripAdvisor Travelers’ Choice Awards 2013 http://t.co/ccg6WGea","","","","http://ow.ly/gZjiL"
"293345697930022912","","","2013-01-21 13:13:59 +0000","<a href=""http://www.hootsuite.com"" rel=""nofollow"">HootSuite</a>","Plato’s tree safe, not used as firewood. http://t.co/IxsCxLim #Greece","","","","http://ow.ly/gZj0P"
"293344944456859648","","","2013-01-21 13:10:59 +0000","<a href=""http://www.hootsuite.com"" rel=""nofollow"">HootSuite</a>","Greek museums try to stay afloat with great low-budget ideas http://t.co/v9XN6Hta (from @ekathimerini)","","","","http://ow.ly/gZiJy"
"293008724929437696","","","2013-01-20 14:54:58 +0000","<a href=""http://www.hootsuite.com"" rel=""nofollow"">HootSuite</a>","On Cameron, Europe and other demons - Nikos Chrysolora in @ekathimerini http://t.co/arELFiqA","","","","http://ow.ly/gY6ks"
"292371236091203584","","","2013-01-18 20:41:49 +0000","<a href=""http://www.hootsuite.com"" rel=""nofollow"">HootSuite</a>","Greece from space: Breathtaking images by @Cmdr_Hadfield http://t.co/zOIHEH2v","","","","http://ow.ly/gWpL7"
"292370681646182400","","","2013-01-18 20:39:37 +0000","<a href=""http://www.hootsuite.com"" rel=""nofollow"">HootSuite</a>","Some lovely images of #Greece from orbit coming up, courtesy of @Cmdr_Hadfield.","","","",""
"289657692023308288","","","2013-01-11 08:59:10 +0000","<a href=""http://www.hootsuite.com"" rel=""nofollow"">HootSuite</a>","The toxic smog enveloping Athens is a symbol of the crisis, says Nikos Konstandaras  http://t.co/xy1MlcKh from @ekathimerini","","","","http://ow.ly/gIOMG"
"289449794546581505","","","2013-01-10 19:13:03 +0000","<a href=""http://www.hootsuite.com"" rel=""nofollow"">HootSuite</a>","The tourists held by Greek police as illegal migrants http://t.co/x91jRUCn","","","","http://ow.ly/gHVTC"
"289147430295961600","","","2013-01-09 23:11:34 +0000","<a href=""http://www.hootsuite.com"" rel=""nofollow"">HootSuite</a>","Nearly a quarter of the Greek population is living in poverty. http://t.co/HVq3cf85","","","","http://ow.ly/gGkpy"
"288985545537888257","","","2013-01-09 12:28:17 +0000","<a href=""http://www.hootsuite.com"" rel=""nofollow"">HootSuite</a>","TEH BIIG PIKCHUR: 2013 - @lolgreece highlights trends in the global, European, and Greek economies. Very interesting. http://t.co/5I75HfBF","","","","http://ow.ly/gF5kn"
"288983182852890624","","","2013-01-09 12:18:54 +0000","<a href=""http://www.hootsuite.com"" rel=""nofollow"">HootSuite</a>","Exhibition of military hospital refuse sheds light on WWI Thessaloniki http://t.co/Rl8wOOS5","","","","http://ow.ly/gF4wf"
"286545462029348864","","","2013-01-02 18:52:16 +0000","<a href=""http://www.hootsuite.com"" rel=""nofollow"">HootSuite</a>","January pensions to see 5-20 percent reduction http://t.co/2PBNnBsS #Greece","","","","http://ow.ly/gulcR"
"286159189569593344","","","2013-01-01 17:17:22 +0000","<a href=""http://www.hootsuite.com"" rel=""nofollow"">HootSuite</a>","In pictures: Greece's year of tumult http://t.co/T0Kbdwe5","","","","http://ow.ly/gsPHq"
"284601888387784705","","","2012-12-28 10:09:12 +0000","<a href=""http://www.hootsuite.com"" rel=""nofollow"">HootSuite</a>","Athens - the EU capital city without a mosque http://t.co/ls1ekuDT","","","","http://ow.ly/goN5e"
"283208619997138944","","","2012-12-24 13:52:51 +0000","<a href=""http://www.hootsuite.com"" rel=""nofollow"">HootSuite</a>","It is time to let hope out of Pandora's box, says @gregpappas http://t.co/74kYnEqQ #Greece","","","","http://ow.ly/gkP9a"
"283207369159213056","","","2012-12-24 13:47:53 +0000","<a href=""http://www.hootsuite.com"" rel=""nofollow"">HootSuite</a>","A country in the age of crisis - a color chronicle of contemporary #Greece http://t.co/p4HRYBkh","","","","http://ow.ly/gkOOw"
"283200802091327488","","","2012-12-24 13:21:47 +0000","<a href=""http://www.hootsuite.com"" rel=""nofollow"">HootSuite</a>","Quax - The Urban / X Project Heraklion Machine trans of orig Greek page: http://t.co/9E5eGUu2 #Greece #Crete","","","","http://ow.ly/gkNiY"
"281168684788097025","","","2012-12-18 22:46:52 +0000","<a href=""http://www.hootsuite.com"" rel=""nofollow"">HootSuite</a>","Jobless rate to hover around 30 pct by 2014 http://t.co/nqlBfmcQ #Greece","","","","http://ow.ly/gd2zk"
"280600082213134336","","","2012-12-17 09:07:27 +0000","<a href=""http://www.hootsuite.com"" rel=""nofollow"">HootSuite</a>","Greek football sponsors: The brothel and the undertaker http://t.co/DLkIbMtt","","","","http://ow.ly/g9pkI"
"280245805158375424","","","2012-12-16 09:39:41 +0000","<a href=""http://www.hootsuite.com"" rel=""nofollow"">HootSuite</a>","African migrants face 'impossible' life in Greece http://t.co/jmh6dXTi","","","","http://ow.ly/g8sat"
"278539183390334976","","","2012-12-11 16:38:10 +0000","<a href=""http://www.hootsuite.com"" rel=""nofollow"">HootSuite</a>","If you can, please help support the European School in Heraklion; it has an important role to play http://t.co/0uGRb8PZ Pls RT","","","","http://ow.ly/g0CPn"
"278064501964816384","","","2012-12-10 09:11:58 +0000","<a href=""http://www.hootsuite.com"" rel=""nofollow"">HootSuite</a>","Greek colleges cut courses by 30% http://t.co/AU9kOEej","","","","http://ow.ly/fXAxP"
"277834716080652289","","","2012-12-09 17:58:52 +0000","<a href=""http://www.hootsuite.com"" rel=""nofollow"">HootSuite</a>","Keeping it together through the most difficult winter anyone under 50 has experienced  http://t.co/fr9v4Eeg #Greece","","","","http://ow.ly/fWRn4"
"277376550104616961","","","2012-12-08 11:38:17 +0000","<a href=""http://www.hootsuite.com"" rel=""nofollow"">HootSuite</a>","""If we'd threatened to [default] ...  we would have become an Ipheginia."" Interesting interview with Stournaras http://t.co/v1EYmWne","","","","http://ow.ly/fVKfc"
"276663234310848512","","","2012-12-06 12:23:49 +0000","<a href=""http://www.hootsuite.com"" rel=""nofollow"">HootSuite</a>","The History and How to of Komboloi a.k.a. Greek Worry Beads  http://t.co/YZcIj276","","","","http://ow.ly/fS7gC"
"276441268232523776","","","2012-12-05 21:41:49 +0000","<a href=""http://www.hootsuite.com"" rel=""nofollow"">HootSuite</a>","Stark figures. Greek salaries far below EU average http://t.co/8yfOWgl6","","","","http://ow.ly/fRitC"
"276015132478418944","","","2012-12-04 17:28:30 +0000","<a href=""http://www.hootsuite.com"" rel=""nofollow"">HootSuite</a>","Fistfights in the garbage. Nikos Konstandaras finds an Aristophanean metaphor for Greek exceptionalism. http://t.co/g2YMtYQz","","","","http://ow.ly/fOKAF"
"276011737151586304","","","2012-12-04 17:15:00 +0000","<a href=""http://www.hootsuite.com"" rel=""nofollow"">HootSuite</a>","""one minute to midnight"" -- EU health officials worry about disease control in Greece http://t.co/mP8itR2k","","","","http://ow.ly/fOID3"
"275931432159952896","","","2012-12-04 11:55:54 +0000","<a href=""http://www.hootsuite.com"" rel=""nofollow"">HootSuite</a>","Quality of life in Athens lowest in western Europe, survey suggests http://t.co/0oGGmBMw","","","","http://ow.ly/fNZZW"
"275590762790522880","","","2012-12-03 13:22:12 +0000","<a href=""http://www.hootsuite.com"" rel=""nofollow"">HootSuite</a>","Greece aims at saving 7 bln euros by cutting red tape http://t.co/eSYrBx6Z","","","","http://ow.ly/fLR4L"
"275479329922768896","","","2012-12-03 05:59:25 +0000","<a href=""http://www.hootsuite.com"" rel=""nofollow"">HootSuite</a>","Alexis Papachelas highlights some persistent myths about #Greece's debit crisis. Important piece. http://t.co/WriJWULF","","","","http://ow.ly/fLk4z"
"275253566149632003","","","2012-12-02 15:02:18 +0000","<a href=""http://www.hootsuite.com"" rel=""nofollow"">HootSuite</a>","Merkel does not rule out Greek 'haircut' in coming years http://t.co/CKYipc7f","","","","http://ow.ly/fKCqq"
"275113662618951682","","","2012-12-02 05:46:23 +0000","<a href=""http://www.hootsuite.com"" rel=""nofollow"">HootSuite</a>","How the crisis fuels the arts in Athens http://t.co/S9t6yytk #Grecce","","","","http://ow.ly/fKmz8"
"274875006750707712","","","2012-12-01 13:58:03 +0000","<a href=""http://www.hootsuite.com"" rel=""nofollow"">HootSuite</a>","Three Greeks in top 10 planet-influencers http://t.co/2PD8UImN","","","","http://ow.ly/fJJwB"
"274874234436722688","","","2012-12-01 13:54:59 +0000","<a href=""http://www.hootsuite.com"" rel=""nofollow"">HootSuite</a>","Youth unemployment in #Greece hits 57% http://t.co/8ZiZcD7W","","","","http://ow.ly/fJJpp"
"274854421131821056","","","2012-12-01 12:36:15 +0000","<a href=""http://www.hootsuite.com"" rel=""nofollow"">HootSuite</a>","The Island of Crete, #Greece - See for yourself, feel for yourself (video) http://t.co/UunMPmkw","","","","http://ow.ly/fJG5D"
"274822145341804544","","","2012-12-01 10:28:00 +0000","<a href=""http://www.hootsuite.com"" rel=""nofollow"">HootSuite</a>","Goodbye uncertainty, hello uncertainty. @NickMalkoutzis analyses the Brussels debt deal http://t.co/T4MeDSxe #Greece","","","","http://ow.ly/fJC86"
"274813278746705920","","","2012-12-01 09:52:46 +0000","<a href=""http://www.hootsuite.com"" rel=""nofollow"">HootSuite</a>","""malnutrition is a fact of life for many of my compatriots"" Interesting analysis of poverty in #Greece from LOL GREECE http://t.co/TiLxOKiS","","","","http://ow.ly/fJBdk"
"274386304119238656","","","2012-11-30 05:36:07 +0000","<a href=""http://www.hootsuite.com"" rel=""nofollow"">HootSuite</a>","Hospitals in bid to help uninsured http://t.co/cIUu5K7F #Greece","","","","http://ow.ly/fHtZU"
"273879924870373377","","","2012-11-28 20:03:57 +0000","<a href=""http://www.hootsuite.com"" rel=""nofollow"">HootSuite</a>","Together, we will make it, Rehn tells Kathimerini after Greek debt deal http://t.co/4FEZxLEC","","","","http://ow.ly/fELk1"
"273745564544421888","","","2012-11-28 11:10:03 +0000","<a href=""http://www.hootsuite.com"" rel=""nofollow"">HootSuite</a>","Europe’s plan C for Greece is no better than plans A or B http://t.co/82zLI87m","","","","http://ow.ly/fDH7b"
"273366457679745024","","","2012-11-27 10:03:37 +0000","<a href=""http://www.hootsuite.com"" rel=""nofollow"">HootSuite</a>","Culture gaining a foothold in Athens city centre http://t.co/pLIrh4Oo","","","","http://ow.ly/fBvYa"
"271990845786439680","","","2012-11-23 14:57:25 +0000","<a href=""http://www.hootsuite.com"" rel=""nofollow"">HootSuite</a>","Outstanding piece by @NickMalkoutzis. If you care for the future of #Greece &amp; Europe, pls read &amp; RT http://t.co/VkA3tg35","","","","http://ow.ly/fwucR"
"271712645902635009","","","2012-11-22 20:31:57 +0000","<a href=""http://www.hootsuite.com"" rel=""nofollow"">HootSuite</a>","Relaunch of Ilion Cinema receives a warm welcome at Amerikis Sq. http://t.co/yuEKc8fp","","","","http://ow.ly/fvurO"
"271662448048750592","","","2012-11-22 17:12:29 +0000","<a href=""http://www.hootsuite.com"" rel=""nofollow"">HootSuite</a>","Greek household incomes down 15%, taxes up 37% http://t.co/O7d50u3k","","","","http://ow.ly/fvgWA"
"271661897210806273","","","2012-11-22 17:10:18 +0000","<a href=""http://www.hootsuite.com"" rel=""nofollow"">HootSuite</a>","http://t.co/SAK0BtdF | Greece suicide rate skyrockets, police data shows http://t.co/wP5JLi1g","","","","http://ekathimerini.com,http://ow.ly/fvgN3"
"271296638709010432","","","2012-11-21 16:58:53 +0000","<a href=""http://www.hootsuite.com"" rel=""nofollow"">HootSuite</a>","Greece needs growth, not austerity http://t.co/mU9bO18S","","","","http://ow.ly/ftxpP"
"271017528107626498","","","2012-11-20 22:29:48 +0000","<a href=""http://www.hootsuite.com"" rel=""nofollow"">HootSuite</a>","Art for the homeless at Technopolis http://t.co/RHJnC41v","","","","http://ow.ly/fsaKp"
"269891610567929856","","","2012-11-17 19:55:48 +0000","<a href=""http://www.hootsuite.com"" rel=""nofollow"">HootSuite</a>","Recalling the Polytechnic 39 years on. http://t.co/NCdfC8CA #Greece","","","","http://ow.ly/fnauC"
"269553682775957504","","","2012-11-16 21:33:00 +0000","<a href=""http://www.hootsuite.com"" rel=""nofollow"">HootSuite</a>","Are Greeks racist? http://t.co/lIEKxQRg","","","","http://ow.ly/fmgUE"
"269271494935343104","","","2012-11-16 02:51:41 +0000","<a href=""http://www.hootsuite.com"" rel=""nofollow"">HootSuite</a>","Greek can-do mayor bucks national trend in fixing city finances http://t.co/odzC2f7s","","","","http://ow.ly/fkGvR"
"268863109911941120","","","2012-11-14 23:48:55 +0000","<a href=""http://www.hootsuite.com"" rel=""nofollow"">HootSuite</a>","Greece Looks at Offering Creditors a Buyback to Lower Its Debt - http://t.co/nn9FMQNy http://t.co/rsqDvtxe","","","","http://NYTimes.com,http://ow.ly/fiDzR"
"268843729476009985","","","2012-11-14 22:31:54 +0000","<a href=""http://www.hootsuite.com"" rel=""nofollow"">HootSuite</a>","Filmmaker Constantine Giannaris says Greece has not faced up to the ghosts of its past http://t.co/ef6kpRE0","","","","http://ow.ly/fixHG"
"268841981856337920","","","2012-11-14 22:24:57 +0000","<a href=""http://www.hootsuite.com"" rel=""nofollow"">HootSuite</a>","Greece’s debt problem is eminently solvable. How about imminently? - asks @NickMalkoutzis http://t.co/3WZL4962","","","","http://ow.ly/fix15"
"268039203198214145","","","2012-11-12 17:15:00 +0000","<a href=""http://www.hootsuite.com"" rel=""nofollow"">HootSuite</a>","Jacqueline Pereira on the Cretan way http://t.co/6ig2I9yw","","","","http://ow.ly/fdSBB"
"268038702364753921","","","2012-11-12 17:13:01 +0000","<a href=""http://www.hootsuite.com"" rel=""nofollow"">HootSuite</a>","The Greek island diet you can eat forever. http://t.co/lI13BR3k","","","","http://ow.ly/fdShu"
"267863188232626177","","","2012-11-12 05:35:35 +0000","<a href=""http://www.hootsuite.com"" rel=""nofollow"">HootSuite</a>","Greeces staves off bankruptcy but troubles lie ahead http://t.co/mTGlwWH2","","","","http://ow.ly/fcEc4"
"267689407979597826","","","2012-11-11 18:05:02 +0000","<a href=""http://www.hootsuite.com"" rel=""nofollow"">HootSuite</a>","Alexis Papachelas: Waiting for a German move http://t.co/GD7hZ3ge #Greece","","","","http://ow.ly/fc9Ir"
"267093527870197761","","","2012-11-10 02:37:14 +0000","<a href=""http://www.hootsuite.com"" rel=""nofollow"">HootSuite</a>","Delusions in the face of danger. Nikos Konstandaras on #Greece's lack of a culture of discussion and compromise. http://t.co/qDJg9flU","","","","http://ow.ly/faUhq"
"266906085342998528","","","2012-11-09 14:12:24 +0000","<a href=""http://www.hootsuite.com"" rel=""nofollow"">HootSuite</a>","Nikos Konstandaras: The ship of fools http://t.co/DBIJXldC #Greece","","","","http://ow.ly/f9Hbr"
"266630337206042625","","","2012-11-08 19:56:40 +0000","<a href=""http://www.hootsuite.com"" rel=""nofollow"">HootSuite</a>","Church of Greece split over role of neofascist Golden Dawn party http://t.co/e2tzoj4x","","","","http://ow.ly/f8up8"
